"epoch","set","loss"
1,"train",0.106383348308957
1,"valid",0.0991120384411609
2,"train",0.0988294052456599
2,"valid",0.0986464061635606
