"epoch","set","loss"
1,"train",2.6300257336018
1,"valid",2.5044826801787
2,"train",2.50091261022711
2,"valid",2.5006536169255
2,"train",2.49833063631876
2,"valid",2.49684910571322
